<?xml version="1.0" encoding="UTF-8"?>
<addon id="repository.kaniel" name="[COLOR darkturquoise]Kaniel Repo[/COLOR]" provider-name="Kani6l" version="1.0.0">
    <extension point="xbmc.addon.repository" name="Kaniel">
        <dir>
        <info compressed="false">https://raw.githubusercontent.com/Kani6l/repository.kaniel/main/repo/zips/addon.xml</info>
        <checksum>https://raw.githubusercontent.com/Kani6l/repository.kaniel/main/repo/zips/addon.xml.md5</checksum>
        <datadir zip="true">https://raw.githubusercontent.com/Kani6l/repository.kaniel/main/repo/zips/</datadir>
        </dir>
    </extension>
    <extension point="xbmc.addon.metadata">
        <summary lang="en">Kaniel Repository</summary>
        <description lang="en">Say what you want about Yemen, but they are not shy about prescriptions.</description>
	<platform>all</platform>
	<license>GNU GENERAL PUBLIC LICENSE. Version 3, 29 June 2007</license>
        <disclaimer lang="en">The author of this addon do not host any of the content which is found and have no affiliation with any of the content providers. This addon simply searches websites for content. Use at your own risk!</disclaimer>
        <assets>
            <icon>icon.png</icon>
            <fanart>fanart.jpg</fanart>
        </assets>
    </extension>
</addon>